,comments
0,谁会在乎你分享啥内容，是新内容就行
1,加油，你的风格或者你的人才是最重要的
2,加油
3,up主加油
4,感动了
5,3333
6,已经50了！！！
7,666
8,dou xi huan
9,欢迎收看本期致富经
10,前面说家庭父母的，他提到自己做到的事情你做到了吗，不怕别人条件好，就怕别人条件好比你还努力
11,啊啊啊啊太喜欢了
12,会会会！
13,"很真实,很棒"
14,50万啦
15,有
16,被圈粉
17,现在50.7万
18,会喜欢
19,50.7
20,50。777
21,50.7万
22,关键是第一个字
23,加油
24,有
25,太棒了Tim
26,Tim真的是太棒了
27,影视飓风的视频质量是我见过B站里最高的，没有之一
28,喜欢！！！！
29,很厉害
30,达到了
31,51.9w
32,还有何同学(๑•̀ㅂ•́)و✧
33,52万了
34,52.0万
35,泪目
36,苹果也是让富士康OEM的， ODM才是u贴牌
37,加油啊！！！！
38,都喜欢！！！
39,你RED在狮子手上
40,40w的支持
41,加油
42,加油
43,50W
44,6.7    52.4W
45,加油加油哇啊啊啊啊啊
46,好阿喜欢
47,52.5了
48,猫！！！
49,喜欢
50,52.2了
51,直接路转粉
52,鼬鼬鼬鱼哦雨雨雨雨
53,喜欢啊
54,喜欢啊啊
55,很真实很优秀 喜欢 加油！
56,起点不 重要 还有说酸的、小年轻。。
57,好棒
58,好棒
59,声音也太好听了吧
60,画质真的很棒
61,？哈哈哈哈
62,哈哈哈哈哈
63,因为你们有梦想还很努力呀，好棒
64,wow
65,是很真实了
66,第一个币就投给你了！！
67,加油加油
68,52.9万啦  感动
69,6.9 已经52.9W了！
70,对
71,喜欢
72,很喜欢啊，你们就是特别的朋友。
73,你们就是特殊存在的朋友
74,支持一下
75,就这两个词的发音无敌了
76,营销号辣鸡
77,53w啦，从何同学来的！！！
78,声音好听
79,声音太好听了吧
80,早就脱坑王自如了
81,我买了两个
82,爸爸厉害
83,看到了差距
84,要看猫猫
85,6.10  53.3W
86,加油(ง •̀_•́)ง
87,会喜欢
88,加油( ¯ᒡ̱¯ )و
89,好好好
90,何同学在你的助攻下一个视频700W+了
91,加一个
92,正解
93,加油
94,把我Siri叫出来了
95,太棒了，非常实在
96,啊啊啊啊啊啊啊！真的吗
97,好棒啊
98,我现在就是这样，up主应该跟我是同龄人，我也是17年本科毕业
99,会啊～
100,加油
101,加油 朋友
102,会喜欢
103,我爱你AAAAAAAAA
104,很有启发
105,爱死
106,太爱了
107,三观超级正
108,1000万！！
109,53.7了
110,加油
111,说得太好了
112,我想要更多有意思的标签，是我自己想要的，但不想要别人来贴，来限制我的自由
113,喜欢的东西和别人分享，然后会找到同好啊
114,要看
115,做什么都会遇到钱的问题
116,现在这条视频播放量达到110万了。
117,因为Tim用心呀。
118,很棒的父母
119,还是需要宣传的，我就是看了大马猫的视频来的，都是高质量的up主
120,19年新粉报道，up加油！！
121,超级喜欢哈哈哈哈哈
122,哈哈哈哈哈哈哈哈哈
123,53.9万了
124,53.9万了
125,我没啥文化只能说牛逼了
126,哇塞，这点真的比王自如强太多了
127,太棒了，加油
128,doinb
129,amazingj
130,easyhoon
131,53.9w
132,路转粉
133,说的太棒了1
134,喜欢
135,把爱好当职业的人都会有这种困惑吧
136,加油！
137,靠一个酒窝撑起了一半订阅！
138,忙到发呆~
139,真诚
140,当然会啦
141,好厉害！！
142,会一直追下去！
143,厚积薄发。加油啊
144,加油啊，勿忘初心。
145,不，我粉的是你们。其次是内容。
146,是的 啊
147,嗯嗯！
148,当然可以
149,会的
150,没有觉得！
151,54w啦~  加油~
152,54.2万粉丝了
153,是的！
154,54万
155,54.2万了
156,谢谢 加油！！
157,喜欢喜欢喜欢
158,加油加油加油
159,加油！
160,加油
161,54.3万了！！！
162,已经50万了
163,支持
164,真的看哭了
165,发了工资的不能叫利润
166,加一个
167,好好呀，定位很符合大家的想法
168,54.5万
169,老考古的，现在54万了
170,23333333
171,会喜欢！！！
172,真的
173,新粉，入坑
174,圣枪哥
175,真實~
176,喜欢
177,加油
178,加油！
179,听故事
180,这才是我想要的自媒体
181,谢谢
182,55万
183,喜欢
184,支持 想学
185,别、
186,55.1w了
187,自媒体界的真理  免费即最贵
188,6666666
189,lks
190,55w啦
191,这也就他们买设备的钱。。。
192,他们需求很大，要买器材的，所以赚的并不多
193,给UP点赞！！
194,会！！！！
195,6.16 ，55.7w
196,up主好棒！
197,是的
198,受教了up主
199,当然会啊
200,会的
201,喜欢真实的感觉
202,加油
203,已经很热血很浪漫啦
204,优秀
205,羡慕
206,很棒
207,贡献弹幕
208,咋空屏了
209,已经50万了
210,加油啊 支持你
211,加油
212,6.17 已经56.1W
213,怪不得一个月6-8
214,真诚
215,加油！！！！
216,有
217,感谢分享
218,水果，和冷冻食材都是学问！！！
219,铁王座！！！
220,hhh 应用自如！！！
221,56.2
222,蝴蝶效应
223,喜欢
224,我想去
225,加油
226,会
227,不知道
228,不知道啊
229,对
230,画质真的很好
231,厉害厉害，UP真的是个有趣的人
232,加油！加油！加油！
233,喜欢 喜欢
234,努力 奋斗
235,讲的太好了！非常真实！！加油！
236,加油
237,so cool
238,加油
239,就做你想做的！
240,我也叫志豪
241,会喜欢的
242,加油啊
243,谁知道这个片段是哪个视频吗？
244,总有些恶意的人
245,56.8万了
246,56万了
247,50万了
248,加油
249,赞
250,赞
251,会
252,加油！
253,hui
254,喜欢
255,爱了
256,加油呀
257,57.1
258,50万啦
259,要看哭了
260,57.3
261,我走了，我又回来了
262,57.3w
263,喜欢 想看猫
264,弹幕+1
265,会
266,加油
267,加油
268,加油
269,文案不错啊
270,把猫给我端上来！！！！
271,57w
272,现在58万
273,jujue
274,加油
275,58.1万了
276,加油加油
277,加油
278,58.3万了
279,58.3
280,加油!
281,职业倦怠吧
282,58.4W
283,喜欢!!!
284,喜欢！
285,加油！
286,加油 fighting！！！！
287,加油
288,布兰登.斯塔克
289,感谢up主
290,喜欢喜欢！
291,用心做事的都是直男哈哈，加油
292,赞
293,影视飓风牛壁！
294,@王自如@zealer@哇偶王
295,加油
296,加油
297,草   泪目
298,58.8万
299,何同学的等等我
300,笑出了声
301,58.8万 人柱力
302,飓风
303,亲戚家开小理发店都勒紧裤腰带帮女儿加拿大留学 。。。
304,路转粉
305,哈哈哈哈哈
306,王自如
307,马哥
308,表白UP主！！
309,我竟然看哭了
310,不傻不傻 很真诚 会喜欢！
311,喜欢喜欢喜欢！
312,太正能量啦
313,啊哟妈呀 感动
314,敖厂长我永远支持你!  对不起我走错片场了...
315,一
316,哥们儿！！！
317,在哪买？
318,没事，频道我愿意等
319,阿生走了可惜
320,没事，热爱自己的事业
321,快了49.3
322,喜欢！！！、
323,好好好
324,喜欢你
325,超级喜欢你
326,要有矿的...
327,喜欢
328,贡献弹幕
329,加一个
330,贡献弹幕
331,喜欢！！！
332,喜欢
333,我可以
334,1000w
335,真棒1
336,让我想起了一拳超人。
337,加油
338,支持up主
339,200
340,嘿嘿，买了！！
341,60.1万了
342,60.2了，
343,60.2万
344,加油
345,60.2w
346,喜欢
347,爱你
348,加油
349,赞
350,111111
351,60.3万啦
352,B站已经60万了
353,屮
354,60.4w
355,对的。。现在阿盛 都离开了呢
356,爱了
357,60.4w
358,60.4w了
359,加油
360,60w
361,喜欢！
362,喜欢喜欢喜欢喜欢
363,喜欢喜欢喜欢喜欢喜欢
364,会
365,爱你，加油
366,加油
367,do it
368,just do it
369,zhichini
370,  会的，因为你在做你喜欢的事！！！
371,会的，因为你在做你喜欢的事！！！
372,喜欢
373,谢谢
374,我会！
375,60万了耶
376,加油！！
377,加油！
378,加油
379,会
380,上抖音
381,寻求新的突破点，现在是手机快餐时代，抖音一样可以出高质量的视频
382,60万了
383,很真诚的讲话。
384,喜欢啊
385,加油
386,60.9
387,英国，划重点
388,61W
389,60.9万
390,有个开明的父母真的是很幸福的事
391,60w了
392,61W了
393,找一个经理
394,有
395,61万
396,61.0w
397,果然tim跟中国大部分那种男生挺像的，有点小内向之类的。。
398,嗯！良心的东西总是难站住脚跟！但金子是埋不住光芒的！！
399,就是你这个视频
400,61万了，加油
401,加油啊
402,想把所有币投给你
403,61.1万
404,哈哈哈哈哈哈哈哈哈哈哈哈哈
405,有有有
406,up加油！！！！
407,喜欢喜欢
408,喜欢
409,三好up！！
410,要上亿 ！！上亿！！！
411,61万
412,61.2
413,加油啊 Tim
414,哈哈哈哈哈哈 钱永远是问题。人间真实。加油。
415,61.2万，加油，影视飓风
416,哈哈哈，有意思想笑，但又突然感觉到这怎么这么像自己呢
417,对对对
418,加油 加油
419,好棒啊 突然泪目
420,喜欢
421,61.4万
422,60w
423,1000w
424,牛逼
425,支持你
426,哭了
427,已经到啦
428,说的很好
429,61.5万
430,已经过60W了
431,对对对对对
432,喜欢
433,可以了，n b
434,爱上小哥哥
435,喜欢
436,哈哈哈哈哈哈哈哈哈哈哈哈
437,给力
438,喜欢看猫猫！！！
439,投下处女币
440,对的
441,真实
442,会
443,呵呵哈哈哈
444,有
445,会的
446,人家不缺
447,全程没有切换镜头 很牛逼啊
448,泪崩  同是影视人  为梦前行
449,61.8
450,那最好了！
451,61.8了
452,自媒体应该分享啊！！！！
453,快62w了
454,61.9w
455,刚刚是不是错别字
456,鸡皮疙瘩
457,Up坦坦荡荡的分享  我们能看到的也是他的热血和坚持  还是希望有些人目光不要太短浅8
458,会喜欢的
459,会！
460,哈哈
461,会！
462,爱情
463,magic lantern
464,62.1
465,62.1万了
466,62.2
467,7.20  62.2w
468,哈哈
469,向你学习。
470,是的
471,谢谢
472,哈哈哈哈哈
473,给力！支持！
474,63.4W
475,63.5万
476,粉了
477,1
478,投入大
479,报个总裁班
480,63.8
481,真实陷阱
482,我看了你的测评  才买的BMPCC
483,64W了
484,喜欢
485,投币去了我
486,可可爱爱
487,喜欢
488,听说你们是b站画质扛把子？
489,Up太真诚了，less is more
490,喜欢
491,皇马好评！！
492,棒
493,很厉害
494,65
495,65万 july.24
496,65w
497,CCTV7
498,！！！
499,65w
500,很真诚，爱了
501,飓风灯真的很好用
502,65w
503,65.1万！
504,我给你打弹幕
505,65万
506,65.3w
507,前面说像燕双鹰的，给我站住，正倾入情感听故事呢，你给我来了这么一句，哈哈哈哈哈哈哈，那Tim赌你的号里没有硬币
508,会
509,想做自己喜欢的事情
510,正能量偶像
511,7.26，65万了。
512,真的很棒
513,泪目
514,65万了
515,有的很对
516,7分熟也许还好发
517,阿胜真的去坐车了
518,谢谢Tim
519,我学长推给我的up主   很喜欢
520,真的是 每次觉得没动力就来看Tim
521,65.7
522,好
523,国外大佬  kai
524,草
525,别说王自如了，他养了更多的员工，很不容易了
526,老爸老妈真好
527,up主优秀的
528,工作一年的我现在也是这样
529,好感动
530,就是你呀
531,会！！！我爱影视飓风！
532,喜欢
533,难受..目前就是这个状态
534,真的很有想法了
535,来一个 支持
536,66wan
537,66W
538,66.0
539,跟我有点像。。。
540,有
541,加一个
542,现在66.1万
543,加油 66.2了
544,加油.66.2了
545,加油 tim！
546,哈哈
547,喜欢看各种各样的视频分享
548,加油
549,喜欢
550,加油
551,很优秀
552,偶
553,充值震
554,66.5W了
555,酒窝！
556,66w
557,啊啊啊
558,加油！
559,吸猫太愿意啦！！！
560,67万
561,多好的一笔财富呀，失败才是最宝贵的
562,人格需要晋升，还在乎标签。
563,哇哭
564,67.1
565,会喜欢会喜欢
566,加油加油
567,你们都很棒
568,会
569,tim好棒
570,加油
571,是啊
572,tim加油！！！哭了
573,是的，就是你
574,对呀
575,哈哈哈
576,喜欢喜欢
577,可以
578,贡献一下
579,加油啦
580,8.4  67.2W
581,67.2万啦
582,py君
583,67.2w
584,是的
585,喜欢
586,超喜欢
587,喜欢喜欢！要做自己喜欢的事ya
588,哇哇哇
589,加油
590,牛逼
591,加油
592,已经67.4
593,喜欢
594,加油
595,静汗青
596,很好，你很理，支持你
597,开明又理智
598,很像我一个同学
599,思维缜密，
600,哇哇哇、
601,变得好喜欢你了
602,加油
603,给了我现在困境的一份感动
604,喜欢
605,指数型组织增长
606,想起了zealer
607,喜欢的
608,画质确实很好
609,喜欢
610,哈哈哈哈哈
611,好可爱
612,我最喜欢的宣传片
613,加油
614,一直支持你哟
615,68w
616,老了老了
617,不用谢
618,感谢你父母吧，也感谢你自己的努力
619,68.1W了
620,可爱的Tim
621,加油呀！
622,1
623,加油
624,68.3万
625,小虎
626,丈母娘
627,支持支持，话说我还是从和同学那儿看的的影视飓风呢
628,加油
629,学会拒绝
630,疯狂打call
631,影视飓风牛逼！
632,68.4
633,68万了
634,不赚钱
635,我来发弹幕啦
636,68.5万了
637,第一次弹幕贡献给你们 加油
638,我用的第一个是vegas
639,UP主加油！
640,喜欢
641,68万了
642,加油Tim
643,。。。。
644,在杭州哪里很高了？
645,当然喜欢
646,68.8
647,你真的超优秀啊
648,喜欢 加油！
649,发弹幕求不卡
650,bgm超级用心啊
651,2333
652,68.9万了
653,嗯嗯是的
654,对的
655,BGM也太棒啦
656,这大概就是从爱好变成职业的差别吧
657,加油啊
658,加油
659,加油
660,已经69W了哥哥！
661,写暑假作业的我
662,69.1
663,69.1万 加油！
664,65W了
665,69.1
666,喜欢喜欢喜欢喜欢
667,喜欢
668,成长的路真的很难 加油！
669,加油，支持
670,起点太高，大家散了吧
671,是你的真诚让你得到了应有的
672,加油
673,好羡慕
674,桃子一定很好卖
675,婚礼可以哈哈哈
676,red舔狗笑死了哈哈哈哈
677,cao
678,这个时候你自己才是商品
679,8月 70万了
680,高质量的频道
681,加油tim
682,加油
683,想成为像up这样的人啊
684,加油！
685,69.7w
686,喜欢
687,08/18-67.9万
688,养了那么多员工的王自如不容易~~我就呵呵
689,草
690,培林俊
691,加油
692,无锡好的水蜜桃这个价格算正常，成本摆在那，不用太惊讶
693,69.9
694,我40岁的大叔还奋进呢，加油
695,英雄不问出路
696,是不是英雄冷暖自知
697,哭了
698,加油！
699,DAN！！
700,就是你们啊
701,xswl
702,nb
703,70w
704,respect
705,如果可以重新选择生活
706,70万了
707,王自如
708,惊了
709,OEM很正常的
710,70w了
711,网络恶霸
712,哈哈，支持！
713,加油
714,喜欢
715,70.1万
716,家！！
717,一直有
718,会
719,会了
720,666
721,70.1w
722,70.1
723,喜欢！
724,now
725,还是开始有钱啊
726,不傻啊，能想明白能通透不是一个难就能形容的
727,加油  说的好
728,70万
729,粉了粉了，喜欢up主
730,知道一个道理很简单，但要正在体悟这个道理，只能随缘
731,70万了
732,你已经和牛逼了
733,加油！加油！
734,加油！
735,你需要休息一下
736,三观很正
737,偶像！
738,70万了
739,喜欢！
740,接下来要朝100万进发了
741,枣子哥
742,枣子哥
743,枣子哥
744,枣子哥
745,哈哈哈哈哈哈哈哈哈哈哈
746,哈哈哈哈哈哈哈哈哈哈哈哈哈哈
747,70.4w
748,70.5w  come on
749,70.5
750,哈哈哈哈哈哈草
751,姿态叫刘志豪
752,bigger研究？？？？
753,有人听到BGM吗！
754,加油！！！冲鸭！
755,喜欢！！！
756,加油
757,太低了
758,jack去哪了
759,70.7w
760,哇
761,70.7万
762,666
763, 加油
764,优秀
765,70.7
766,影视飓风成了我在B站驻留最长的频道
767,干货
768,当做老师
769,学习是一辈子的事情
770,加油加油加油
771,看到这里基本上就打消了大部分人的念头了
772,5
773,已经70万了
774,可以可以可以可以
775,是很好地思考自己呀
776,71.0
777,为什么我开始就从AE开始的，是不是打开方式不对
778,71万了
779,晒老婆飓风
780,杭州本科计算机毕业生都要8K了
781,老番茄
782,red在狮子手上哈哈哈哈哈哈哈
783,已经超过啦
784,继续加油！！！！
785,喜欢！
786,喜欢
787,71w
788,cao
789,我外号叫桃子
790,加油 这条视频明确了我的方向
791,70了
792,可怕的应该是没人买
793,这是情深深雨蒙蒙嘛？
794,前面这段说的也太好了
795,131万
796,真的啊
797,有有有
798,哈哈哈哈哈哈哈哈哈
799,Peter McKinnon
800,把我的Siri叫出来了
801,努力的人永远最有魅力
802,71.4
803,有东西
804,说的真好！
805,陌生人 加油
806,100万了
807,支持你
808,喜欢啊
809,我喜欢
810,真实
811,对
812,当然啊！
813,已经71万啦
814,666
815,会的
816,辛苦了，压力大
817,不高
818,卧槽上来就bmpcc...
819,哈哈哈哈哈哈哈哈哈
820,71.6
821,贡献弹幕
822,第一个弹幕和硬币都给你了
823,71.6万了
824,加油
825,加油 共勉
826,有
827,喜欢
828,第一次发弹幕，加油啊up主！！！
829,每个人都需要花时间想清楚一些事情，不过想清了就好啦！
830,加油！！iTN
831,喜欢
832,哈 第一次是用会声会影做表白视频
833,毕业四年，和up一毛一样，越来越不敢尝试陌生的方式
834,真的不算高了
835,71.9w
836,元芳
837,喜欢的
838,贡献弹幕
839,？？？？
840,72.1w啦 加油！
841,72.2万
842,我认为这几年最好的lpl宣传片！！！！
843,加油！！！
844,！！！！
845,72万
846,喜欢！！！
847,72.4万
848,很棒很棒，加油
849,72万
850,草
851,王自如出来挨打
852,喜欢!
853,加油
854,会有
855,在想peach
856,？？？
857,阿盛，哎
858,真诚
859,特别好
860,声音也好听
861,喜欢喜欢
862,哈哈哈哈哈哈哈哈简直笑死我了我以为不是我理解的那个桃子
863,粉了
864,是我羡慕的人
865,加油！！！！
866,没事！！！
867,影视业真的不容易
868,喜欢！
869,喜欢上你了，怎么办？
870,还是因为有钱啊
871,73万
872,加油吧
873,加油
874,up主辛苦了
875,关了
876,加油
877,喜欢啊
878,真的还是很真诚啊
879,喜欢喜欢
880,哈哈哈爆灯了
881,喜欢
882,有很大帮助啊啊啊啊啊
883,同理
884,500w
885,还有大饼
886,TESTV是专人负责淘宝业务的
887,哈哈哈哈哈哈哈哈哈哈哈
888,优秀
889,16年的你超级可爱！
890,73.5万
891,棒棒哒
892,喜欢
893,72w
894,72wwwww
895,告辞
896,感谢
897,加油
898,加油
899,嗷嗷
900,73.8
901,喜欢!!!
902,1
903,11111
904,泪目
905,国外大佬=世界顶级
906,感谢
907,加油
908,我们是专业的
909,准备跪好
910,杭州后期狗在线求职
911,杭州全能人才在线求职
912,还招人嘛大哥
913,心
914,喜欢
915,喜欢
916,不，是在鼓励我们前进
917,良心视频
918,粉了
919,74万了
920,老爸挺厉害的感觉
921,可以的
922,长大了
923,用影视来表达的飓风！
924,74万
925,圆通董事、总经理潘水苗了解一下
926,加油
927,好是好，但是现在讲究垂直度...会不会对你们有影响
928,是爱好啦
929,加油
930,转粉
931,喜欢
932,加油
933,74.6W
934,喜欢喜欢
935,兄弟说话很有逻辑啊
936,路转粉
937,74.8w
938,喜欢喜欢
939,想百大冲鸭
940,留言
941,74.9万
942,74.9万
943,哈哈哈，你爸妈好优秀
944,刚把得
945,我也是啊
946,我17年才开始上大学
947,比王自如好多了
948,王自如出来挨打
949,很棒了
950,拖延症
951,非常棒好么？？请放手去做！！
952,350w了
953,会
954,75了
955,这种激情真的可遇不可求
956,可以！！！喜欢
957,必须的
958,喜欢的了啦
959,加油，现在做得也非常棒！！！！
960,75.3w了加油嗷
961,喜翻~~~~
962,233
963,23333
964,75.4
965,所以说，家里有矿？？
966,哈哈哈，笑死
967,永远不要放弃自己的梦想，我们一起加油
968,启发良多
969,75.6万
970,在座的有买过桃子的吗
971,喜欢喜欢
972,哇！家长真好
973,什么 猫？让猫主持一期都行（错乱
974,支持 支持~
975,BGM燃起来了 哈哈
976,这句话真的太棒了
977,哥，你已经108万了哟~
978,76.1
979,很棒
980,你给了我激情
981,加油加油
982,喜爱TIM
983,You made it!! Congrat!!!
984,有有有
985,76完了
986,76万了
987,无解，但我觉得开心就好
988,加油呀
989,支持你，加油
990,AMD：世界上最美好的东西都是免费的（rx5700xt 6k元）
991,好久没有听到过这么认真的话了
992,不管是在虚拟环境还是现实环境
993,由爱好而生，最终用爱好过想要的生活
994,加油哦！！！
995,好小，忽然发现比我还小
996,哈哈哈哈哈哈哈
997,76.9万了
998,哈哈哈哈
999,无锡人在此！！！
1000,棒
1001,草
1002,经济基础决定上层建筑
1003,77wan
1004,振臂一挥，77万了
1005,77.1w
1006,喜欢
1007,会
1008,-OPJJIJJL
1009,600万啦！
1010,300万了
1011,77.1万啦
1012,加油
1013,加油，会更好的。
1014,77.1W
1015,雷克塞，什么拉克丝（滑稽保老命）
1016,正片现在开始
1017,我第一个剪辑软件是Adobe Premiere Pro CC 2019
1018,大学生试错成本会低一些
1019,积累商业经验，这差不多是每个成年人都要学的。很正常
1020,分析用户数据对于公司是很重要的
1021,边际成本与边际收益的平衡问题
1022,B站现在77.1万
1023,我是从影视飓风的非影视内容转到专业评测，剪辑教程的……
1024,哲学升华
1025,家境决定了有没有尝试的机会，个人的努力才是成功的最重要因素。
1026,喔
1027,草
1028,加油up
1029,有经济基础
1030,3连了，加油UP主，我也刚开始做自媒体
1031,77.2拉
1032,77W
1033,n b
1034,说的很不错，条理清晰内容充实
1035,消费粉丝了
1036,77.4W
1037,给自己打广告
1038,俺也一样
1039,这是真的
1040,我看你那些设备的评测，其实我并不想买，只是喜欢单纯的看你视频
1041,77.6万
1042,red
1043,未知挺好的
1044,阿鸡！！！！！！！
1045,哈哈哈哈哈哈哈哈，我可以
1046,加油
1047,有有有哦哟有
1048,猫呢？你可以走了，把猫拿来啊
1049,舍友也叫志豪
1050,77.7
1051,支持up，视频质量真的很高，都是干货
1052,加油
1053,77.8万
1054,喜欢喜欢，一直会支持
1055,喜欢
1056,正能量up主，支持
1057,真实
1058,77.9万了啊！！！
1059,大家好啊
1060,78万了
1061,三观正啊
1062,78w
1063,可以的
1064,nb
1065,nbx
1066,喜欢
1067,爱你
1068,支持！学到了很多
1069,喜欢啊
1070,78.1
1071,哈哈哈
1072,哇
1073,这些经历比工资体验好多了
1074,哈哈哈哈
1075,好家伙的 LPL
1076,我居然...看哭了
1077,78万了
1078,哈哈哈
1079,加油！
1080,会
1081,好帅
1082,加油
1083,谢谢
1084,78.4
1085,101wan
1086,UP主很真实，做自己就好
1087,哈哈哈哈
1088,辛苦啊
1089,超喜欢
1090,会
1091,78
1092,恶意退散
1093,78.5万
1094,加油
1095,加油！
1096,把我说哭了
1097,78.5万了！加油！
1098,78.5了！加油
1099,感动
1100,78.6万
1101,发就
1102,做就完事儿了
1103,西湖文化广场
1104,说得很好
1105,增加弹幕
1106,优秀啊！uzi原来是你拍的
1107,79w
1108,TFD！
1109,我刚好也是这种状态
1110,有
1111,受益匪浅
1112,现在是79.5W！！！！！！
1113,tim 6B
1114,年轻人的第一次创业失败...
1115,TIM帅!!
1116,小鲜肉
1117,喜欢啊!!!
1118,加油’
1119,up主加油啊
1120,喜欢
1121,会的
1122,加油啊up！！！
1123,好感动
1124,西湖文化广场，真怀念啊
1125,良心up
1126,升格爸妈，哈哈
1127,会会会
1128,当然会
1129,我也是！！！
1130,.66666
1131,永远支持！！！！
1132,加油哇！！！！支持你们！！！
1133,喜欢！！！！
1134,喜欢！！！！！
1135,真的喜欢！！！
1136,老白！！！可爱死了！
1137,Kimi Raikkonen!!!!!!
1138,80w
1139,80.1W啦！！！
1140,80万
1141,@王自如
1142,加油
1143,身在无锡，卖汉服的路过。正在学习视频制作，
1144,喜欢，up主用心都会喜欢
1145,加油
1146,80万啦！！！
1147,80.6万
1148,有！！！！！！！！！！
1149,是的 我做视频都是先听到歌曲
1150,卢本伟
1151,做视频不赚什么钱，就是间个朋友
1152,家里有矿啊
1153,加油呀
1154,灯真的可以
1155,80W
1156,115万了
1157,80.2万了
1158,加油
1159,钱只是一个过程
1160,会
1161,加油
1162,有有有
1163,哭了
1164,81w
1165,81.1
1166,81.1
1167,我家在边疆
1168,再来一个
1169,555
1170,哇噻
1171,支持你
1172,可以开分号，做高质量的视频不同的内容！
1173,如果内耗严重记得换个思路!
1174,喜欢呀
1175,很真，也很认真！
1176,加油
1177,加油
1178,dji
1179,加油
1180,喜欢~~~
1181,想看猫猫
1182,81.6
1183,加油
1184,81.6万
1185,看到雷克赛真容了！！！！？？
1186,会
1187,谢谢tim
1188,up主真的很棒，加油
1189,三连，粉了
1190,加油
1191,哈哈哈哈哈哈哈哈
1192,想笑
1193,专业强
1194,81.8
1195,爱剪辑
1196,81.8
1197,11111
1198,80万了
1199,加油有我们支持
1200,很棒！！！！
1201,82w
1202,喜欢喜欢
1203,82万了
1204,加油加油
1205,喜欢
1206,有时候大多数人喜欢消费垃圾
1207,正常，什么人都有
1208,不死很多，也就几万吧
1209,111
1210,男人总有呢么几天是*
1211,80w
1212,80万！
1213,少了点啊
1214,喜欢呀~~~
1215,82.4
1216,有
1217,加油
1218,喜欢
1219,喜欢啊
1220,我哭了，尿了，你们呢
1221,莫胖也是无锡的？？？？？？？？？？？
1222,加油
1223,支持你们
1224,有意识
1225,加油
1226,加油你们
1227,计划失败，大大超额完成了
1228,80多万啦
1229,原谅我听到red舔狗瞬间笑了
1230,82W啦~
1231,所有固定的人设都会崩塌，做自己永远不会崩塌！这就是所谓的自媒体！
1232,82.7W了  加油~
1233,加油
1234,我也是会声会影起步
1235,好真实
1236,喜欢喜欢
1237,82
1238,喜欢！
1239,瘦了
1240,杨市
1241,哦不阳山
1242,八十万了
1243,给你个支持 哈哈 加油 82.9万了
1244,82.9万了
1245,两年后期，一样的心态
1246,82.9万啦
1247,你需要一个女朋友鼓励
1248,11月已经83万了
1249,当然会
1250,加油！
1251,加油！回来考古
1252,我币没了
1253,Uzi
1254,路转粉
1255,83.5万了
1256,今年可以上90万了
1257,棒
1258,说发了工资的不能叫“利润”的同志，怕不是有什么误会。UP主说得是“毛利”是含工资的。净利润才是去除工资的
1259,突然的狗粮……
1260,喜欢喜欢喜欢
1261,三联
1262,目前的状态了难受
1263,HUI
1264,爱你tim
1265,ngg
1266,11月25日  83.6万
1267,草
1268,爱你哦
1269,哈哈哈
1270,超级赞！
1271,支持你们！
1272,超棒1
1273,我也哭了
1274,对！
1275,是！
1276,是！加油！喜欢！
1277,喜欢！
1278,今天也是爱你的一天
1279,好！
1280,84万了
1281,会喜欢
1282,谢谢你的分享，我也想清楚李好多
1283,就喜欢你的这个小动作
1284,必须的
1285,84.1万
1286,TIM以前觉得帅现在觉得很可爱
1287,我也遇到了惰性
1288,喜欢up主，辛苦了，加油！
1289,喜欢
1290,84万了
1291,喜欢
1292,85万
1293,有啊！！！！
1294,我正在被点燃！
1295,116
1296,有钱真好
1297,会会会会会
1298,谢谢
1299,之前在留学？！
1300,拉导？！！！
1301,840000
1302,加油
1303,84.7万粉丝
1304,增加弹幕
1305,喜欢
1306,6666
1307,会会
1308,该拍电影了
1309,是呀是呀
1310,84W+
1311,真实更重要呀~
1312,喜欢
1313,他们可悲的自负在上演刺秦史录
1314,RED舔狗哈哈哈哈笑出声
1315,这个不是傻，道理谁都知道，但没有体感，是真的很难真正理解，并消化成自己的东西
1316,加油
1317,很真诚，有人格魅力
1318,你声音挺好听的
1319,up主家是有钱但是家庭教育更重要
1320,真的NB
1321,我的起步也是会声会影啊 还是试用版
1322,Yes！
1323,会！喜欢
1324,赞赞赞赞！
1325,加油！
1326,！喜欢
1327,会喜欢啊！
1328,厚积薄发
1329,经济基础决定上层建筑
1330,专业的分析师老爹
1331,有！！！！
1332,85.3万
1333,因为一个行业做久了 会疲惫，
1334,喜欢  加油!
1335,100w
1336,100w见
1337,+1
1338,你们很棒！
1339,何同学
1340,加油
1341,TIM长得特别像爸爸呀
1342,666
1343,666
1344,86.2
1345,真理性，原来理性挺有魅力的
1346,86.3w了
1347,第一次三连送给up，真诚最能打动人~
1348,80万了
1349,这里突然加了滤镜？
1350,80w
1351,我第一个用的是绘声绘影
1352,值了
1353,拖延癌初期
1354,要学会成为资本了
1355,86万了
1356,哇哦
1357,很棒啊
1358,未知很美好
1359,好棒啊
1360,很真实
1361,86.4万了，加油
1362,阿盛离开影视飓风现在专业做车的评测了
1363,可以啊
1364,加油把
1365,加油
1366,86..6
1367,14高一？？？Wc 我也是
1368,有
1369,当兴趣爱好变成工作，听说都会。。。em好吧
1370,喜欢
1371,擦 Tim有女朋友啊
1372,喜欢！！
1373,会的！
1374,加油！
1375,86万了 ！
1376,墨韵
1377,加油
1378,\
1379,走的越久月爱你们
1380,加油！！！！
1381,喜欢！！！
1382,人一定要有梦想
1383,加油加油‘
1384,喜欢！！！
1385,现在就下单
1386,87w
1387,90万
1388,哈哈哈哈哈哈
1389,有
1390,喜欢
1391,up好可爱，酒窝加分
1392,up叙述的能力很强，能让人一直听下去
1393,听起来很真诚的感觉，支持
1394,87w
1395,马上有小金人了
1396,现在有9人再看
1397,87.1万
1398,言下之意
1399,这才是青春啊，这才是年轻人
1400,对，吸取到经验才是最宝贵得
1401,87万啦，加油
1402,加油！！！
1403,喜欢！！！
1404,马上九十万了！！！
1405,TIM好可爱啊
1406,85W
1407,才65万啊。。。还是太少了，，，
1408,up太真实了 支持你！
1409,王自如23333
1410,87.2W了
1411,为什么声画不同步？
1412,支持你，视频用心，你说的惰性太有同感 了！！！
1413,lks*tim
1414,87咯
1415,87.2w了!!
1416,会
1417,喜欢
1418,喜欢
1419,因为家里有钱，所以才能安心追求自己想要的事情啊
1420,爸爸：浙江万马集团有限公司总裁潘水苗
1421,生鲜类的生意。水很深的。
1422,真诚三连
1423,泪目~
1424,87.6万啦！！！
1425,粉了
1426,116.7w了
1427,疯疯癫癫地方hiu有一天
1428,方法呃呃哦不过
1429,单刀赴会积极太丰富
1430,太丰富发过火开户行
1431,乖乖乖
1432,一套房滚
1433,呵呵哈哈哈
1434,天天分分合合
1435,我是新粉
1436,有点像kasa
1437,硬币不足，，，不怪我
1438,划重点：家里有钱
1439,666
1440,一起加油~
1441,泪目
1442,87.8
1443,878.8W
1444,RED电影机
1445,操   真牛逼   哈哈哈
1446,87.9了
1447,刚开始不喜欢你，现在有很大改观。很棒 真的很棒
1448,"用过爱剪辑,但没出片子,所以巧影夺走了我的第一次"
1449,"马上期末了,但我还是点开了B站"
1450,马上88W啦！加油啊！
1451,杠精
1452,10个人正在看，考古
1453,87.9
1454,粉了，Tim价值观太正了，加油！
1455,88W了
1456,88万粉丝辣！
1457,哈哈哈哈哈哈哈哈哈哈哈
1458,赞
1459,不只这么点吧
1460,我也是会声会影
1461,太牛逼了，6个桃子168？？？？？有人买吗？
1462,88w
1463,会的
1464,88万
1465,真的很不喜欢弹幕里为了给自己的碌碌无为找借口 而否定Tim和团队这一路艰辛和汗水的人
1466,88w了
1467,的确不高，，
1468,88.1万了
1469,灯光在变
1470,啊哈哈哈哈
1471,新粉入坑
1472,88.2万
1473,算我一个！
1474,父母真好
1475,着家庭太好了
1476,你爹真的厉害
1477,专业分析师老爹
1478,你可以做一些微电影，做自己故事的电影
1479,加油加油！！
1480,开个直播连麦聊聊天吧
1481,奥利给 优秀
1482,醒醒，人家在英国读的大学
1483,加油
1484,有！！！！
1485,从何同学那边粉过来的，果然是用心的，加油
1486,30001条弹幕
1487,哈哈哈  王自如不容易。。 自己买了amg 不容易。
1488,mkbhd 经典结束动作
1489,很实在的一个小伙子，向你学习
1490,88w
1491,加油!
1492,草，这就是我这辈子该做的事情
1493,草
1494,太强了
1495,看哭了
1496,加油啊
1497,喜欢啊
1498,人生有梦，无乐不欢
1499,88.7万了
1500,88.7万
1501,88万
1502,何同学那里过来的
1503,加油
1504,你有red吗
1505,支持
1506,你有RED吗
1507,你发什么我都支持
1508,喜欢
1509,100W预定
1510,有病吧这些人 非要拿你芝麻大的见识绑架别人的价值观 
1511,加油 不要理杠精 毕竟孤儿 说说酸话故意让你难受
1512,想哭 恶意满满的世界
1513,喜欢
1514,88.7w
1515,爹是学财务的吧
1516,西湖文化广场啊····好地方，熟悉
1517,88万了
1518,117.1万
1519,加油
1520,加油
1521,他爹这是向上市努力的方向
1522,圣枪哥
1523,加油加油
1524,加油
1525,88.9万
1526,88
1527,哇，感觉好奇妙，拉克丝
1528,有有有
1529,88.9w
1530,88.9W
1531,是一定不是
1532,√
1533,会
1534,草，超棒
1535,会的
1536,我们一直在这
1537,89w了
1538,89w了
1539,还有守望先锋联赛总决赛现场
1540,89w了
1541,喜欢
1542,加油
1543,紫金港东操
1544,好厉害
1545,喜欢
1546,喜欢
1547,哭了
1548,哈哈哈
1549,会
1550,很棒
1551,不自觉地自我审查和阉割...
1552,草（是一种植物）
1553,。
1554,喜欢！
1555,我就是喜欢你们认真的样子
1556,89.7万啦
1557,喜欢!
1558,超喜欢这个片头
1559,期末考的时候也这样
1560,89.9要破90w了
1561,加油
1562,89.9马上90w了
1563,我来了
1564,89.9万
1565,三连三连
1566,谢谢
1567,red舔狗哈哈哈哈哈哈哈哈
1568,太过真实
1569,会
1570,家人支持很重要
1571,哈哈哈哈哈哈
1572,哈哈哈哈哈哈
1573,？？？？？
1574,可以的
1575,真的很难
1576,抱抱
1577,是的啊
1578,我也是这么想的
1579,嗯嗯
1580,很重要
1581,是呀
1582,说的对
1583,不傻 有很多道理必须自己领悟才行
1584,会啊
1585,是的
1586,嗯嗯 比心 谢谢
1587,90w报道
1588,不傻，一点都不傻，这种真诚和感动杀伤力是最强的
1589,加油加油
1590,都90万了 加油
1591,90万啦，
1592,加油
1593,-/
1594,3871·
1595,90.1万
1596,90w了
1597,人家家境好也比你努力，而你只能当个键盘侠
1598,90.3了
1599,加油！！！
1600,你做到了
1601,喜欢
1602,进度条可以……但我现在好困2点了……先睡了明天看
1603,三连 粉了粉了 加油
1604,喜欢
1605,6666666喜欢
1606,666
1607,90.5
1608,nb、
1609,s
1610,喜欢哦
1611,很理智啊你
1612,第一次b站弹幕
1613,90w
1614,喜欢！
1615,我的惰性一直很强
1616,有太多事情了
1617,90.6w了！
1618,投币投币
1619,90W
1620,100w
1621,加油加油加油
1622,想peach
1623,Tim超可爱(*╹▽╹*)
1624,加油！
1625,90w
1626,喜欢喜欢喜欢
1627,会
1628,90w
1629,无锡人报道
1630,2020考古
1631,哈哈哈哈哈哈哈哈哈哈卖桃子你真是个天才
1632,90.7
1633,加油
1634,90万
1635,加油
1636,91w了
1637,91.3
1638,91.2万了
1639,91.5
1640,118
1641,我可以的
1642,和爸爸长得也太像了吧！！
1643,没有，哈哈
1644,喜欢
1645,现在96.3万了
1646,加油
1647,加油
1648,100万
1649,草
1650,草这确实，有点不好卖
1651,俗称摸了
1652,什么TM叫创业 这TM就叫创业
1653,说6000-800不高的 何不食肉糜?
1654,在杭州6000-8000不高?  b站都人均过万?
1655,喜欢！
1656,93.1
1657,加油
1658,走心，，很棒
1659,93万了！加油！
1660,93.2万
1661,说的超级棒
1662,想看！！！
1663,加油呀
1664,小虎鲨
1665,100万
1666,马上100万啦
1667,加油
1668,无锡人民感谢你
1669,虽然19年才遇见了你们，但是你们的努力我们看得到，加油！
1670,做到了
1671,加油
1672,真诚，讲了好多心里话
1673,喜欢
1674,我爱Tim
1675,感动！
1676,我为什么看一个这样的视频会哭？我的天啊
1677,我被你这个视频点燃
1678,真的不容易，加油up我能体会你当时的感觉
1679,喜欢
1680,93.8W了
1681,喜欢
1682,啊啊啊啊啊 rookie
1683,rookie好帅
1684,加油
1685,喜欢
1686,喜欢！！！！！
1687,工作的事情 跟爸爸谈谈
1688,LKS 竟然这么牛
1689,你可以的
1690,第一次也给了会声会影
1691,加油
1692,94W了
1693,加油
1694,我刚开始以为你们是做播放器的……
1695,94.6
1696,tim加油 
1697,太对啦
1698,哈哈哈哈哈哈哈哈哈哈
1699,做起来很难。但你的真诚我们都感受到了。加油Tim
1700,会喜欢
1701,会喜欢！！！
1702,家境贫寒的人，敲键盘不会改变你们的生活
1703,离开是因为股份没谈好吗
1704,等一下我们不会……同龄吧
1705,加油哦
1706,加油哦
1707,加油哦
1708,喜欢
1709,喜欢喜欢喜欢！！！！！！！！！！！！！！！！！
1710,因为觉得你们很真诚，所以喜欢。
1711,100w预定
1712,散了，没这命
1713,技术up就是这样的
1714,奥里给！
1715,喜欢
1716,666
1717,太真诚了，路转粉
1718,加油
1719,喜欢，加油
1720,加油
1721,白嫖失败
1722,95.8万了
1723,YINJYOUL
1724,KKKK
1725,这声音也太好听了吧
1726,这声音也太好听了吧
1727,不高，希望越来越好
1728,好父母
1729,创业尝试
1730,成熟中
1731,加油
1732,很清醒
1733,感受到你的激情和真诚
1734,坚持下去
1735,有的 但我是想做游戏来着哈哈
1736,谢谢
1737,加油！
1738,当然喜欢 喜欢
1739,已经快100万粉丝啦！真的很开心，共同见证着你们的前进
1740,跟我来RUSH B~
1741,96.6w
1742,会
1743,会！！
1744,喜欢
1745,有长辈指路真的很棒
1746,左边小弟也太好看了吧
1747,97.2万！
1748,家里没钱能玩这个？
1749,疲惫期，坚持
1750,97.6
1751,超过90万了，你已经成了百大up了
1752,只比我早两届
1753,现在已经2倍了
1754,会会会
1755,98.2
1756,恭喜你 过百了
1757,98.6万
1758,98.6万
1759,同道中人
1760,实话说，我也是这么个经历
1761,我也是这么个经历
1762,这差不多就是我的经历
1763,98.7万
1764,这就是社会的毒打
1765,99.3
1766,很诚恳，粉丝+1
1767,加油！
1768,100万
1769,99.7万了，加油哦
1770,99.9W
1771,99.9
1772,快100万了
1773,百万大军即将达成
1774,10002
1775,100w
1776,100了
1777,ddddddd对
1778,竟然比我还小一届 啊  人生差距啊
1779,100W啦
1780,100w了
1781,100w
1782,别给自己找借口好吗，b站上没有留学的优质up主一大把
1783,别给自己找借口好吗b站上没有留学的优质up主一大把
1784,喜欢！！！！！
1785,谢谢！！！！！
1786,100.6
1787,100.8
1788,100万啦
1789,不容易啊
1790,勇敢！
1791,赞！
1792,ipad pro 开始看的 点赞
1793,原来和Lks是这么认识的
1794,加油
1795,摄影毁一生
1796,水蜜桃
1797,灯
1798,几百遍
1799,加人
1800,喜欢
1801,101
1802,B站画质扛把子
1803,加油！！！
1804,喜欢啊
1805,明白了，受教了
1806,101.2万粉丝我是其中的一位
1807,101w
1808,101w
1809,加油呀
1810,会
1811,lks牛逼
1812,我第一个用imovie
1813,当一个爱好变成工作的时候，它就不是爱好了——玩具龙
1814,？？？lks
1815,何同学过来的加一 都是优秀的人
1816,考古回来，百大了
1817,视频真的做的很用心
1818,是真的很好的频道了
1819,说话真的很让人有思考价值
1820,101.6万
1821,107万啦
1822,加油！！
1823,喜欢！
1824,加油加油加油！！！！
1825,太感动啦
1826,支持啊
1827,加油
1828,会
1829,119.5
1830,爱了
1831,回形针表示不服。
1832,有爹的……………
1833,喜欢这个
1834,102w
1835,1000万了！！！
1836,全心意做的视频！真的好看！
1837,加油ヾ(◍°∇°◍)ﾉﾞ！！
1838,喜欢！！！1
1839,会！！！！
1840,超级喜欢！！！
1841,102.2w了
1842,102
1843,太对了
1844,加油
1845,就这个视频
1846,喜欢
1847,102万了
1848,102万
1849,谢谢啊，打开了我一直不敢结，谢谢
1850,不是雷克塞吗hhhhh
1851,、
1852,102万了
1853,102.3万了
1854,.
1855,这经历跟何同学像
1856,除了吃饭就是学习
1857,你很棒嗷
1858,喜欢
1859,老蒋？？？
1860,加油
1861,明白和想清楚确实需要时间
1862,加油！！！！
1863, 加油！！
1864,我的理想也在慢慢发芽！
1865, 喜欢 爱死了
1866,会!!!
1867,画质真心吊
1868,破百了
1869,加油！
1870,B站102万了！
1871,很喜欢这种形式！
1872,自动投币2个
1873,已经到百万了
1874,网络暴力不要在意它们
1875,102.6
1876,102.9
1877,耐克打钱
1878,会声会影还好，没爱剪辑烂
1879,卖RED
1880,和何同学很像呀
1881,分享你们的生活吧，大家喜欢看活生生的人
1882,加油
1883,刚才说的好！！
1884,说的对
1885,103.1
1886,103.2万
1887,很可爱诶
1888,新粉报道
1889,100W
1890,一个亿了！！！！！！！！！！！！
1891,喜欢
1892,105W啦
1893,年纪大了眼睛果然容易进沙。。。。。
1894,喜欢
1895,这经历跟何同学像
1896,加油
1897,加油
1898,加油
1899,100w了
1900,粉了粉了
1901,卧槽，牛逼！
1902,浙江财经大学西操场
1903,我选择看完
1904,百万了
1905,我也一样
1906,103万了
1907,lks！！
1908,103.9
1909,104
1910,103w
1911,加油，Tim
1912,太棒了
1913,104.0
1914,104
1915,喜欢
1916,泪目
1917,104.1万了
1918,htxhtxhtxhtxhtxhtxhtxhtxhtxhtxhtxhtxhtxhtx
1919,2020年新人小学生报道，名字是小杨家的大橘-喵，我不是自夸，只是让大家看看，提提意见
1920,爱了爱了爱了爱了爱了爱了爱了爱了爱了爱了爱了爱了爱了爱了
1921,加油
1922,要勇于尝试啊！做数学题也是这样的！
1923,这地方真的勾起了我的许多记忆
1924,加油加油！
1925,加油吧
1926,很佩服你  还有回形针那个团队
1927,lks牛逼
1928,会 支持
1929,100万了
1930,不错
1931,100百万贺电
1932,104w
1933,冲！！！！
1934,爱剪辑警告
1935,从小白测评过来的，路转粉
1936,枣子哥
1937,加油
1938,爱好变成工作就是会这样
1939,大实话
1940,104万了
1941,加油啊！tim
1942,喜欢
1943,喜欢！！！！！
1944,操
1945,爱了爱了
1946,老了
1947,生活和
1948,100W
1949,104.6
1950,加油
1951,太爱了
1952,说得好
1953,404
1954,666
1955,牛逼
1956,加油！！！！！！！！！！！！！！111
1957,加油
1958,101.7万了
1959,加油
1960,任督二脉打通了
1961,8k拍猫！！！！！！！！！！
1962,4k猫片！
1963,加油加油！！！
1964,会的
1965,加油
1966,喜欢！
1967,104.9
1968,104W
1969,喜欢
1970,会喜欢 加油！
1971,哈哈哈哈哈哈哈哈哈
1972,105W
1973,105
1974,可以了
1975,关键是时间自由
1976,会！
1977,105.2
1978,哈哈哈哈哈哈哈哈或
1979,哭
1980,哈哈哈哈哈哈哈哈哈
1981,我看饿了？？？？
1982,5555555
1983,喜欢！！！！！！
1984,加油
1985,好棒
1986,哈哈哈哈哈
1987,哈哈哈哈哈哈哈哈哈哈哈哈哈哈哈哈哈哈哈
1988,感谢up主
1989,已经105万啦~~~~
1990,要相信自己，你真的超棒！！
1991,你就是
1992,就是你呀
1993,喜欢呀
1994,为了热爱
1995,一起加油呀！！！
1996,加油！
1997,厉害
1998,很好的父母支持
1999,哈哈哈
2000,加油
2001,加油
2002,会
2003,105.5万了------！！！
2004,支持你
2005,谢谢你 让我又燃起了激情
2006,10
2007,选鲜活也是很有想法（狗头）
2008,加油！
2009,散了，没这身体
2010,105.7
2011,一定要加油，你会火的
2012,加油
2013,"第一次投币给你了,非常走心"
2014,加油！
2015,加油
2016,会比王自如做的好的多的多的
2017,会
2018,太真实了吧
2019,前面的高考加油啊，一起
2020,魅力
2021,喜欢喜欢喜欢喜欢喜欢喜欢喜欢喜欢喜欢
2022,过来人告诉你们，执念比金钱更重要
2023,有钱先不说，但是比你努力
2024,要把激情变成责任
2025,我也是17年毕业。很佩服你。口才不错。
2026,燃
2027,加油
2028,喜欢
2029,➕1
2030,加油。做自媒体的人都是不容易的
2031,桃子飓风
2032,lks 牛逼
2033,106.1
2034,10601
2035,加油
2036,超额完成任务
2037,做个灯谁都会做，但是如何做好呢
2038,真诚，走心
2039,飓风灯三代什么时候出啊，搞个镁铝合金外壳什么的，漂亮点
2040,背后的灯，调色调的分层了么
2041,喜欢
2042,第一个弹幕送个Tim
2043,不高啊
2044,+
2045,哈哈哈
2046,加油
2047,总结一下，富人比穷人更有耐心
2048,2023年考古
2049,说得很真诚，加油
2050,加油，理想值得热爱
2051,加油，你们一定会成功的
2052,woc好感动
2053,还有吗，这就去买
2054,谢谢up
2055,猫猫!
2056,1个亿了
2057,会
2058,加油
2059,106.7
2060,你给了我激情
2061,喜欢！！！！！
2062,100万了
2063,我也是高一进入学校的新媒体中心然后干视频
2064,106.7万
2065,感到触动
2066,哈哈哈哈
2067,无敌
2068,加油！！！
2069,107W
2070,107.4万考古
2071,加油！想想还有那么多的粉丝支持你！
2072,有有有！！！
2073,成为了经验
2074,UP主加油！！！
2075,6
2076,要吃饭的嘛
2077,翻倍了
2078,现在107W了
2079,107万
2080,哈哈哈哈
2081,哈哈哈哈哈
2082,加油阿
2083,哇
2084,108.1万了
2085,？？？
2086,108W了
2087,852
2088,真的透明
2089,王挖藕出来挨打
2090,加油
2091,真实  真实
2092,老爸也不是等闲之辈
2093,拍电影
2094,加油、
2095,厉害了
2096,加油
2097,谢谢你
2098,100.8
2099,108万啦
2100,yes what's up BRu
2101,加油tinm
2102,108
2103,加油
2104,原始设备制造商
2105,委托他人生产的合作方式简称OEM
2106,真的很努力
2107,越成熟，激情越低
2108,厉害
2109,加油
2110,努力总会有回报的
2111,108W
2112,加油、
2113,卖red那个，是人吗？
2114,看到现在真的感动
2115,100w了！！！！加油
2116,109万
2117,泪目
2118,100
2119,109万了
2120,109万
2121,支持
2122,加油
2123,tim
2124,喜欢嘻哈
2125,109.2万
2126,100w
2127,121.2w
2128,啊啊啊啊啊啊啊啊啊啊啊啊啊啊啊啊啊啊啊
2129,无锡的桃子是真的好吃
2130,居然是雷克塞呀
2131,说得好
2132,父母的教育 很大程度影响你
2133,要爹的
2134,因为有钱了啊
2135,是不是荷尔蒙的关系？
2136,.
2137,感谢你们让我知道我还年轻，应该有梦想
2138,创业的时候，跟同伴一起讨论卖多少个，真的很幸福
2139,你爹绝不是普通人
2140,109.6
2141,当兴趣变成一个有预计的目标就会有困难感，产生堕性。又要搞创作又要做管理这很磨人。
2142,加油！！！！
2143,加油
2144,有有有
2145,109.7
2146,加油
2147,tim老爸潘水苗圆通总裁，浙大毕业
2148,哈哈哈哈我以为在开玩笑
2149,太棒了！
2150,喜欢
2151,109啦
2152,已经110万了
2153,加油，喜欢你那美丽的画面
2154,生活从来不容易啊。。。
2155,平谷大桃飘过
2156,做个撕掉标签的励志视频吧
2157,可是你掩藏不住自信的模样
2158,还提到了实习的同学真的是很有情意了。
2159,111
2160,加油！！！
2161,喜欢！！！
2162,哈哈哈哈哈哈哈哈哈哈哈哈哈哈
2163,发，伐木累
2164,好样的
2165,110万了
2166,110.3万
2167,加油 加油！！！
2168,支持 坚持做自己就好了
2169,对对对
2170,110.3万
2171,就是好比做好自己才能吸引来真正喜欢自己的人
2172,110w了！
2173,喜欢!!!
2174,支持你~~~
2175,110.4万
2176,会声会影同
2177,突然有些感动
2178,加油加油
2179,不要用‘家里有钱’来掩盖别人努力的现实
2180,加油
2181,惰性每个人都有，这是大多数人的共性
2182,小鱼
2183,喜欢喜欢
2184,加油 真的很棒
2185,帅
2186,110.7万
2187,加油！！！！！1
2188,哈哈哈哈哈哈哈哈哈哈哈哈哈哈哈哈哈哈
2189,加油，朋友
2190,220w了
2191,转超 粉了
2192,粉
2193,垃圾王自如
2194,110.8
2195,110.8
2196,加油
2197,110.9
2198,很棒了
2199,无锡人报道！比较好的要30一个人
2200,加油加油
2201,喜欢！！
2202,好听的这口音我爱了
2203,爸妈真的很棒！
2204,哈哈哈哈沙雕决定
2205,爸爸厉害的！！！
2206,女朋友！！！
2207,卡了吗？？
2208,？？突如其来的狗粮
2209,waow
2210,我来啦
2211,33
2212,阿盛！！！！！！！！！！！！！！！！
2213,哇不容易
2214,▄︻┻┳═一∵∴(∵_，∵)>>
2215,老师
2216,我被你点燃了
2217,女装。。。
2218,加油 喜欢
2219,关注了
2220,好酒没看到这样一个有感觉的视频了
2221,111.4万
2222,有有有.我有
2223,喜欢
2224,1
2225,111万看的
2226,111.2万
2227,113万
2228,相见恨晚
2229,114万了，加油
2230,别人家的父母
2231,钉钉时代报到，120多万，百大UP主
2232,加油
2233,111.5w
2234,考古
2235,2030前来考古
2236,牛啊
2237,110w啦
2238,我又来了
2239,影视飓风加油啊
2240,最喜欢Media Storm
2241,111.6W了
2242,111.6w
2243,左边小哥哥眼睛好好看啊
2244,奈斯
2245,神奇的拉克丝
2246,对的！！！！
2247,你怎么这么可爱
2248,喜欢的！！！！！！！！！！
2249,超喜欢！！
2250,111.6
2251,老夫第一次用的奥维讯
2252,金玉良言
2253,超了80w
2254,不要在意别人眼光
2255,加油 ！！！！
2256,喜欢  加油 ！
2257,加油？
2258,大一大二真的是非常好的时光，你掌握到了，为你高兴！
2259,说得好
2260,开车？
2261,真的，好多从事这个行业的人最初就是从为班级为学校做宣传片而来
2262,超真诚，超好
2263,哈哈哈哈哈哈哈哈哈哈哈
2264,让人羡慕的家庭和父母
2265,加油
2266,100w了
2267,111
2268,111w了
2269,家庭本身就影响这你，你会不会努力和周围的环境有巨大的关系，穷人所担心的未来能不能养活自己，在各种压力下比富人天生就有劣势
2270,doinb有点小帅
2271,卖peach？
2272,王家卫
2273,加油 tim
2274,111.9万
2275,有
2276,喜欢
2277,F1我可以！
2278,这猛过审
2279,已经110W了
2280,112万了
2281,121.1万
2282,会
2283,112.1
2284,加油
2285,这操场有点眼熟，，，
2286,啥家庭啊
2287,几十万重点标注
2288,"想起你看电视的那个画面就理解了,嗯,的确"
2289,太棒了TIM粉你
2290,对对我就是喜欢这种分享，让自己开阔眼界
2291,会会
2292,喜欢
2293,112.3万
2294,真实
2295,雷克赛狗头
2296,做的非常棒
2297,112万了 加油
2298,天哪我现在高二，高一的时候就想做自媒体
2299,会的  喜欢！！！！！！！！！！！！！！！！！
2300,不错，你成功吸引了我的关注
2301,追求卓越，成功自然而来
2302,继续继续继续加油
2303,我多希望有一个这样的经历，而我现在才觉醒
2304,看宽了，自然就迷失了，有时候视线窄而远比较好。爱好成了事业很多时候都变质，而我正在从一个爱好走到另一个爱好的鲜活到陨落
2305,确实，我的标签刚撕掉，现在又再为自己找新的标签贴上，无法做自己想要做的本心，总是需要理性去抉择，反而都是弯路
2306,一个人确实很容易迷失，需要经常看这些鼓励自己
2307,很好很有用
2308,学习了
2309,无锡人来了~~
2310,所以根本没有亏
2311,加油
2312,112.6
2313,111.1万啦
2314,Tim我爱你
2315,对对对！！！！！！！
2316,别再骂王自如了 ，都不容易
2317,狗粮飓风
2318,喜欢
2319,100多万了
2320,挺有意思
2321,哈哈哈
2322,成本高了
2323,可怕
2324,112.7
2325,112.7
2326,英国大学毕业生
2327,喜欢！！！！！
2328,喜欢！
2329,加油！
2330,加油
2331,在杭州真的不高
2332,好真诚的up
2333,好爹啊
2334,有些弹幕好酸啊～～～→_→
2335,请拍猫猫(^･ｪ･^)
2336,112.8万
2337,带我看完
2338,收钱的王自如
2339,运用自如
2340,112.8
2341,0
2342,牛皮
2343,120万
2344,你们就算有这样的爹，也没这个努力的能力
2345,UP主高中自学两年技术，你们如果是富二代，高中估计都在蹦迪了
2346,棒
2347,一百万了
2348,加油
2349,冲
2350,加油
2351,666
2352,3
2353,复盘是很重要的一项能力
2354,加油鸭！
2355,美好的事情将会与你不期而遇
2356,哈哈哈哈哈哈哈哈哈哈
2357,加油~
2358,泪目
2359,ohhhhhhh
2360,114.4万了
2361,喜欢
2362,做播放器同感哈哈哈哈哈
2363,加油
2364,114
2365,喜欢！
2366,对啊对啊对啊
2367,TIm像一个大哥哥一样
2368,超喜欢
2369,喜欢啊
2370,超级喜欢
2371,太喜欢了
2372,啊啊啊啊啊啊啊
2373,加油啊
2374,超棒的tim
2375,加油
2376,加油啊啊啊啊啊啊！！！启发很大！！！
2377,会
2378,赞赞赞
2379,喜欢喜欢
2380,加油加油加油
2381,好可爱
2382,喜欢啊超级喜欢
2383,很棒啊
2384,草（一种植物）
2385,营销号没马
2386,喜欢
2387,嘤嘤嘤喜欢喜欢
2388,爱了爱了
2389,好厉害好厉害好厉害
2390,哈哈哈哈哈哈哈哈哈哈哈哈哈哈卖桃子
2391,你超棒的
2392,对对对！
2393,你还小
2394,棒，加油
2395,一起加油
2396,会
2397,加油
2398,辛苦你们了！！坚持不容易！
2399,画质担当！！
2400,114了
2401,114.9W了现在
2402,喜欢
2403,口吐芬芳
2404,羡慕
2405,哈哈哈哈
2406,WCtim还小我一届
2407,加油
2408,王自如哇偶出来挨打
2409,加油啊
2410,喜欢哈哈哈
2411,有
2412,加油！！！！
2413,好赞
2414,这句话泪目了！！！！！！！！！！！！！！
2415,加油，加油，太喜欢了！
2416,感同身受
2417,没错啊，坚持做自己！
2418,喜欢！
2419,kai...
2420,超喜欢！
2421,酷
2422,已经115万了
2423,115万
2424,追求源于热爱
2425,启发，朋友
2426,喜欢
2427,115w
2428,励志
2429,同感~加油！！！
2430,赞！
2431,加油加油加油！！！
2432,115w
2433,115.1w
2434,115w
2435,你币有了
2436,讲得太好了
2437,好酷啊
2438,加油 加油！
2439,喜欢
2440,AE的别走，是不是从此就变成了食物链底端。。。
2441,加油！
2442,现在都 115.3w了
2443,蝙蝠时代b站马上120万
2444,up主本身就是出国留学的，经验等级和思维开放度就比一般人高
2445,真然人羡慕
2446,加油呀加油！！！
2447,加油！！！
2448,115.3万啦加油加油加油
2449,幸会幸会
2450,喜欢喜欢啊啊啊
2451,哈哈哈哈，加油啊
2452,最喜欢看的就是你们分享快乐的视频
2453,铁王座！！！！
2454,会
2455,喜欢
2456,115.3
2457,RED！
2458,当然会喜欢！！！
2459,一堆没上过班的，网络人均工资1w5
2460,最真诚最努力的up
2461,加油
2462,115w
2463,115w
2464,qqqqqqqqqqqqqqqqqqqqqqqqqqqqqqqqqq
2465,666666666666666666666666666666
2466,666666666666666666
2467,我就是很喜欢你们做视频认真的态度和无私的分享，不要在意其他人说什么，加油！
2468,我也是这样
2469,aoligei
2470,奥利给
2471,看猫看猫
2472,115.5
2473,哈哈哈哈哈哈哈哈哈哈哈哈哈哈
2474,300万了
2475,谢谢
2476,115.6万
2477,听得想哭
2478,20个伙伴们好
2479,可以哦
2480,我喜欢看的，是努力
2481,1115.6
2482,钱不够阿盛都跑啦~~
2483,喜欢，加油！！！
2484,yes!!
2485,已经成功入坑了
2486,喜欢！！！！1
2487,加油！！！！
2488,爱你啊你
2489,打个卡 我很喜欢你们
2490,一起努力
2491,115W
2492,115万！！！
2493,115万了！！！！！冲啊
2494,马上就116万了！！！！
2495,115w
2496,下次一定
2497,去做吧
2498,！！！
2499,奥利给
2500,大大的喜欢
2501,是的，我现在工作也是
2502,主要是受众面和频道IP的问题
2503,IP真的太重要
2504,Tim这种状态我持续蛮久的了，慢慢改变吧
2505,喜欢！！！！
2506,把何同学拖来
2507,一个亿了
2508,会
2509,116w
2510,有
2511,哈哈哈
2512,有坚持！！！！佩服
2513,我现在才知道Tim爸爸是圆通CEOTim，真的很棒加油
2514,会， 听到你这样说， 已经燃烧了
2515,会的
2516,hala madrid
2517,那些人是穷傻了吗
2518,加油
2519,没人否定tim努力，只是说金钱也很重要，现在你能让你爸妈拿出10000块钱，然后你跑到无锡去做哪怕赔本的水蜜桃吗？
2520,116.4w
2521,red
2522,我是pr
2523,PRPRPRPRPR
2524,prprpr
2525,好爸妈
2526,111111111111111
2527,116.5w
2528,116万了
2529,RED舔狗哈哈哈哈哈
2530,喜欢喜欢喜欢
2531,处女币投了
2532,可爱up主 加油呀
2533,116.5w！！
2534,猫猫
2535,116.6万
2536,Cao
2537,Red
2538,red
2539,200w了
2540,蝙蝠时代二刷
2541,视频的意义就在于分享
2542,喜欢
2543,116.8
2544,嘶.我也高一
2545,喵的家里没钱玩个屁哦
2546,走了走了没这命
2547,加油加油
2548,真的很喜欢up的生活
2549,喜欢啊啊啊啊啊啊啊啊啊啊
2550,加油 TIM
2551,116.8万
2552,加一
2553,喜欢
2554,tim爸爸是圆通快递的总裁
2555,117万
2556,我特喜欢这小伙
2557,看得一脸真诚的样子
2558,多好的一个阳光少年
2559,117万
2560,留学的富二代，他爸爸是圆通董事长。。。。。
2561,经济基础决定上层建筑
2562,他爹是圆通快递的董事长，他为啥用顺丰冷链呢哈哈哈
2563,有！！！！！！！！！！！！！！！！
2564,117.1万
2565,like！！！！！！！！！！！！！！
2566,2020.3.13考古
2567,117w
2568,太厉害了
2569,1-2w的摄影机磨了父母很久 就算有钱也不是富养好吧
2570,冲冲冲
2571,117
2572,状态不好缺乏激情是你太累了，过度透支了你的能量，换换环境，给自己放个长假，如果这些暂时实现不了，至少每日清晨冥想半小时，还有学会授权别人去做
2573,牛掰，现在快120w了
2574,草！！！加油！！！
2575,说得很棒
2576,再见
2577,加油
2578,警告！家里没钱的，别跟up主学啊！
2579,你踏马这不是给老百姓吃的！
2580,普通人别学了！没钱都是扯淡！
2581,喜欢
2582,喜欢啊！！！！！！
2583,117W了~
2584,加油鸭
2585,加油
2586,三连了哈哈
2587,加油哦
2588,123.1
2589,喜欢的
2590,讲的很真诚，支持一下，希望状态越来越好
2591,加油
2592,有
2593,喜欢啊
2594,喜欢
2595,加油
2596,别人的爸妈
2597,↑别人的爸妈
2598,117w
2599,王自如233333
2600,王自如恰饭狗
2601,然后阿盛真的做车去了
2602,加油
2603,根何同学的经历好像
2604,117.7万
2605,永远相信美好的事情即将发生
2606,现在117.7万了，2020，3月16日考古
2607,117.7W
2608,感动于认真与真诚，加油！
2609,红米打钱
2610,喜欢你们
2611,我都看第二遍了
2612,感动
2613,家庭教育，开明父母是比经济基础更高级的资源啊
2614,朋友
2615,加油呀
2616,jiayou
2617,俺也一样
2618,努力赚钱做自己喜欢的
2619,支持 加油
2620,120w今天
2621,嫌贵的可以去尝尝看… 无锡水蜜桃是世界上最好吃的桃子，刷新你对桃子的认知
2622,2020.3.17b站粉丝数117.9
2623,哇哦
2624,当然了
2625,123
2626,哈哈哈哈哈哈哈哈哈
2627,加油油
2628,喜欢！！！
2629,117.9万了Tim！
2630,到这句话的时候 真的很对应现在的我 感谢Tim
2631,加油
2632,意思给的诱惑不够大？？。。
2633,1000万啦
2634,1000万了
2635,118.1万了
2636,我也是，学生会要我拍外教视频，同学们看到后很激动
2637,有被点燃到，up加油
2638,很真实的~
2639,喜欢~加油啊！！
2640,1111111
2641,6666666
2642,加油
2643,他的小酒窝好可爱
2644,200万了
2645,aini
2646,朋友你好
2647,加油！！！11
2648,1111111111111111
2649,喜欢
2650,支持
2651,第一次做视频也是毕业晚会
2652,也是会声会影
2653,真实
2654,我只好好好努力让我孩子也能想做什么就能做什么
2655,对比一下我真不知道我大学几年是在搞什么鬼
2656,好真诚
2657,太正了
2658,浪浪关注的果然是正的up
2659,草
2660,red
2661,你有red
2662,如果我有red，我也是red舔狗
2663,118
2664,讲的真好！我虽然现在才初二，但是我决定不浪费每一份时间了！！！！！
2665,118了
2666,bucuo
2667,3001
2668,为什么颜色在跳
2669,120万了
2670,买了两个的路过
2671,你就是个做播放器的哈哈哈
2672,dan真的顶
2673,加油
2674,我突然！！！！！！也想！！！！！！！！！！！
2675,好的！
2676,前面的，何同学是影视飓风的粉丝 
2677,来起
2678,118万了
2679,喜欢，一起加油
2680,奥里给
2681,现在118万
2682,有
2683,加油加油
2684,会的！
2685,110w了！！！！！
2686,喜欢喜欢
2687,118万
2688,118w
2689,119万了
2690,何同学似曾相识
2691,加油啊！！
2692,因为没有大的成长，所以激情一点点的在流逝
2693,有知识讲道理的父母，很好哇
2694,学会拒绝 说的很好
2695,做自己喜欢做的·
2696,老爹不简单！
2697,119万啦
2698,uzi
2699,uzi 永远滴神
2700,春之虎帝
2701,120w
2702,119.4万啦
2703,总会这点样的
2704,感谢
2705,会的！！！！！！！！！
2706,WHY NOT!!!!!!!!!!!!!
2707,mini
2708,我是从Adobe直播认识的Tim
2709,真的是热爱啊
2710,很对
2711,嗯嗯是的
2712,12w了
2713,我也想知道为什么营销号内容那么水为什么粉丝那么多
2714,up好棒啊
2715,就是不忘初心呐
2716,120万了，影视飓风加油！
2717,nb
2718,120万
2719,120.2万
2720,第一次投币！！激动！！第一次弹幕
2721,120.3
2722,我那会就用会声会影
2723,2020回来考古，现在你已经有120万了
2724,120W了
2725,他爸爸挺有钱的，，但是tim也很努力
2726,300W了
2727,300w
2728,变老了
2729,120w
2730,120.7万
2731,越来越好
2732,自己喜爱的事情，才能做得最好！！
2733,喜欢
2734,喜欢啊
2735,现在120玩
2736,加油啊 兄弟
2737,120w
2738,好
2739,邯郸路隧道
2740,加油 影视飓风
2741,1`20
2742,加油加油啊
2743,最棒的
2744,绝对喜欢
2745,无西
2746,影视飓风都是铁粉
2747,。。。。。。
2748,你改变了我的人生
2749,喜欢！
2750,永远相信美好的事即将发生
2751,他有钱，但比大多数人都努力
2752,家境和努力都有别吵了
2753,2019百大！！！！！！！！！！！
2754,林子大了什么鸟都有
2755,说别人家的父母的  请你先做到和UP主一样努力 不然就只是借口！
2756,121w
2757,都别找借口了  只能说条件比你好的都比你努力 你还在这BB？？
2758,把相机送上太空！！！
2759,120w
2760,121w了，20年3月
2761,笑死了
2762,3002
2763,王自如
2764,颜色咋改颜色改改
2765,ZHIJIAN
2766,121w
2767,121.1w
2768,BGM突然
2769,！！！！！！！！！！！！！！！！冲
2770,！！！！！冲冲冲
2771,120w了
2772,哈哈哈哈哈哈哈哈哈
2773,小鱼
2774,喜欢喜欢喜欢喜欢喜欢喜欢
2775,加油啊
2776,会
2777,会的
2778,会
2779,会喜欢！！！！！！！！！！！！！！！
2780,还有何同学
2781,121万了
2782,好励志
2783,让我看看！！！！
2784,121.4万了
2785,121.4万
2786,流口水NB
2787,说的号
2788,说的好  优秀
2789,会喜欢
2790,加油~
2791,讲得好！
2792,喜欢
2793,喜欢喜欢
2794,121万了
2795,你们好棒，卖桃子 哈哈哈
2796,加油！
2797,喜欢喜欢喜欢
2798,加油哇！！！！
2799,121万了
2800,现在b站就121万了
2801,手机创作也很多，一样也可以测评啊。尤其现在用稳定云台的人越来越多
2802,喜欢
2803,这下巴
2804,已经121.6万了
2805,121.6了
2806,加油
2807,喜欢
2808,加油加油！！！
2809,2030年来考古
2810,121
2811,笑的眼泪出来了
2812,127
2813,好
2814,127
2815,121
2816,老板画大饼
2817,王自如 是什么？
2818,你真的是。已经很优秀了哈哈哈
2819,加油
2820,？？？？
2821,哈哈哈哈哈哈
2822,贼快！
2823,喜欢！！！
2824,加油！！！
2825,加油
2826,棒
2827,厉害  真心厉害
2828,自动三连
2829,加油
2830,声音好听！！
2831,谢谢你！
2832,123w
2833,122.2了喔！！！！
2834,1000W了！！
2835,2020年商业单是OPPO find x2pro
2836,122w了
2837,哭廖
2838,我一个男的爱你爱的要命啊
2839,122.3万啦 棒
2840,喜欢
2841,喜欢
2842,122了
2843,撕掉red舔狗标签换arri
2844,大爱up主
2845,鬼见条
2846,你的老爹真的没让你走了好多弯路
2847,2020最新考古发现122.5万了
2848,公益水果商
2849,122w
2850,高一好帅！
2851,然而年底100w+了qwq
2852,122.6
2853,我觉得很好呀
2854,会啊！！都喜欢的！！
2855,会喜欢
2856,喜欢
2857,即将加入自媒体，被你们的视频鼓励了
2858,一切都会有好的归宿，只要继续前进。加油。
2859,其实年轻的时候才是最有动力的时候。
2860,当自己决定暴露在这混沌世界的聚光灯下时，必然会有各色的眼光。相信自己，选择积极。
2861,122W
2862,这个他爸是圆通CEO
2863,很对
2864,什么？ Tim 和我一样大
2865,120万了，加油！！！！
2866,成长的烦恼
2867,120万了
2868,喜欢
2869,122.8万了~~
2870,加油TIM
2871,加油TIM
2872,加油TIM！！！
2873,超级喜欢这个视频
2874,超级喜欢超级喜欢超级喜欢
2875,123.0
2876,别人家的爸妈 我父母只会叫你快点打工 不行没收入就去餐厅做服务员都好 哈哈哈哈
2877,喜欢
2878,支持
2879,123w了
2880,lks还是可以啊
2881,影视飓风的崛起
2882,1000万了
2883,一年涨了1002
2884,123万
2885,123w
2886,123.
2887,会！
2888,会
2889,加油！
2890,真的很受启发
2891,喜欢
2892,Will！
2893,都120W了。。。
2894,加油！！！！
2895,123万了现在
2896,蝙蝠时代了，123万最新数据！
2897,加油
2898,肯定会
2899,高一？！
2900,想起了何同学
2901,WUXI!
2902,桃子飓风
2903,LKSNB
2904,123.4
2905,我 想画画
2906,太酷了吧啊啊啊
2907,厉害
2908,还有脱发
2909,好up主
2910,弹幕
2911,草，你成功了
2912,为追求干一个
2913,失败是成功的母亲
2914,馋了你非常久
2915,200万了
2916,yellow？
2917,感受到了键盘侠和杠精们慢慢的恶意哈哈哈哈
2918,贡献弹幕
2919,云峰基金合伙人
2920,会
2921,有些东西是你努力也没有的，别心灵鸡汤喝多了，有钱绝对是他的最大优势
2922,123.7W了
2923,123.8W
2924,你币有了
2925,123.9W
2926,123.8W!!!
2927,几岁啦
2928,124万了
2929,支持影视剧风。
2930,加油！
2931,124.7了 回来考古
2932,何同学感觉似曾相识
2933,和哈哈哈哈哈哈哈哈哈哈哈哈
2934,？
2935,？
2936,喜欢！！！
2937,w
2938,看了Dan Mac好久
2939,Dan Mace真的厉害
2940,brubru
2941,124.8W了
2942,就是这个视频
2943,124W了，加油
2944,124W啦
2945,我也是RED舔狗
2946,125w
2947,125万
2948,125w了
2949,喜欢
2950,加油
2951,牛批！！！
2952,125.2
2953,加油
2954,喜欢
2955,太棒了 努力的人闪闪发光
2956,好父母
2957,真诚太圈粉了
2958,120w了?
2959,？？？？
2960,喜欢
2961,正是现在的我。
2962,非常好！
2963,哈哈哈哈哈是这样的
2964,喜欢
2965,这就是自媒体
2966,喜欢~~~~~
2967,嗯嗯
2968,balance
2969,谢谢你
2970,喜欢！！
2971,加油
2972,考古...125.3W
2973,125.4W
2974,会
2975,给我高高飞起来啊！
2976,三连
2977,有！！！！
2978,喜欢
2979,喜欢喜欢
2980,加油加油！！！！
2981,加油
2982,喜欢
2983,喜欢！
2984,能够做自己喜欢的事真的很好
2985,喜欢！！！！！
2986,喜欢
2987,钱=自由
2988,做真实的自己
2989,老了
2990,125万了
2991,学习很重要
2992,你爸真厉害
2993,许多键盘，RED你买得起吗
2994,125.8wwwww
2995,加油加油，看好你们！
2996,感动
2997,冲冲冲冲冲
2998,2000万了
2999,哈哈哈哈哈哈哈
